COLEGIO,PRENDA,T3,T4,T6,T8,T10,T12,T14,T16,SMLXL,2XL,COSTO,SKU
DUNALASTAIR,CALZA CORTA,11000,11000,11000,12000,12000,13000,13000,13000,14000,,7973,DUN-CAL
DUNALASTAIR,CALCETA RUGBY,,,,8000,8000,,,,,,,
DUNALASTAIR,DELANTAL O COTONA,15000,15000,15000,16000,16000,NO,NO,NO,,,,
DUNALASTAIR,JOCKEY,8000,8000,8000,8000,8000,8000,8000,8000,8000,8000,,
DUNALASTAIR,PANTALON DE BUZO,16000,16000,16000,18000,18000,20000,20000,20000,21000,23000,,
DUNALASTAIR,POLERON,18000,18000,18000,19000,19000,21000,21000,21000,22000,24000,,
DUNALASTAIR,POLERA CUELLO PIQUE M/CORTA,15000,15000,15000,16000,16000,17000,17000,17000,19000,21000,18497,
DUNALASTAIR,POLERA CUELLO PIQUE M/LARGA,16000,16000,16000,17000,17000,18000,18000,18000,20000,22000,,
DUNALASTAIR,POLERA DRYFIT M/CORTA,14000,14000,14000,15000,15000,16000,16000,16000,17000,19000,,
DUNALASTAIR,POLERA DRYFIT M/LARGA,15000,15000,15000,16000,16000,17000,17000,17000,18000,20000,,
DUNALASTAIR,POLERA CUADRO DEPORTE,17000,17000,17000,18000,18000,19000,19000,19000,20000,22000,,
DUNALASTAIR,PECHERA,12000,12000,12000,,,,,,,,,
DUNALASTAIR,POLAR,18000,18000,18000,19000,19000,20000,20000,20000,22000,24000,,
DUNALASTAIR,PARKA,19000,19000,19000,20000,20000,22000,22000,22000,24000,,,
DUNALASTAIR,SHORT HOMBRE,14000,14000,14000,15000,15000,16000,16000,16000,17000,18000,,
DUNALASTAIR,SHORT DEPORTE MUJER,17000,17000,17000,18000,18000,19000,19000,19000,20000,21000,,
DUNALASTAIR,SWEATER,NO,NO,NO,18000,18000,19000,19000,19000,20000,,,
PUMAHUE,CALZA CORTA,11000,11000,11000,12000,12000,13000,13000,13000,14000,,,
PUMAHUE,CALZA LARGA,13000,13000,13000,14000,14000,15000,15000,15000,16000,,,
PUMAHUE,CHAQUETA AMERICANA,28000,28000,28000,30000,30000,32000,32000,32000,36000,,,
PUMAHUE,CORBATA,10000,10000,10000,10000,10000,10000,10000,10000,10000,,,
PUMAHUE,DELANTAL Y COTONA,15000,15000,15000,16000,16000,17000,17000,17000,NO,,,
PUMAHUE,FALDA CAFE,18000,18000,18000,20000,20000,22000,22000,22000,24000,,,
PUMAHUE,PANTALON BUZO,16000,16000,16000,18000,18000,20000,20000,20000,22000,,,
PUMAHUE,PANTALON TELA CAFE,20000,20000,20000,21000,21000,22000,22000,22000,24000,,,
PUMAHUE,POLERON MANGAS CAFE,18000,18000,18000,19000,19000,21000,21000,21000,22000,,,
PUMAHUE,POLERON AZUL C/CIERRE,15000,15000,15000,17000,17000,18000,18000,18000,20000,,,
PUMAHUE,POLERA CUELLO Y POLO PIQUE M/C,15000,15000,15000,16000,16000,17000,17000,17000,19000,,,
PUMAHUE,POLERA CUELLO Y POLO PIQUE M/L,16000,16000,16000,17000,17000,18000,18000,18000,20000,,,
PUMAHUE,POLERA DRYFIT M/C,14000,14000,14000,15000,15000,16000,16000,16000,17000,,,
PUMAHUE,POLERA DRYFIT M/L,15000,15000,15000,16000,16000,17000,17000,17000,18000,,,
PUMAHUE,POLAR,18000,18000,18000,19000,19000,20000,20000,20000,22000,,,
PUMAHUE,PARKA,19000,19000,19000,20000,20000,22000,22000,22000,24000,,,
PUMAHUE,SHORT,13000,13000,13000,14000,14000,15000,15000,15000,16000,,,
PUMAHUE,SWEATER,NO,NO,NO,18000,18000,19000,19000,19000,20000,,,
MAYOR,CALZA CORTA,11000,11000,11000,12000,12000,13000,13000,13000,14000,,,
MAYOR,CALZA LARGA,13000,13000,13000,14000,14000,15000,15000,15000,16000,,,
MAYOR,DELANTAL O COTONA,15000,15000,15000,16000,16000,17000,17000,17000,NO,,,
MAYOR,FALDA,18000,18000,18000,20000,20000,22000,22000,22000,24000,,,
MAYOR,PANTALON BUZO,16000,16000,16000,18000,18000,20000,20000,20000,22000,,,
MAYOR,PANTALON TELA GRIS,18000,18000,18000,19000,19000,21000,21000,21000,23000,,,
MAYOR,POLERON DEPORTE,18000,18000,18000,19000,19000,21000,21000,21000,22000,,,
MAYOR,POLERON AZUL C/CIERRE,15000,15000,15000,17000,17000,18000,18000,18000,20000,,,
MAYOR,POLERA AMARILLA DEPORTE M/C,14000,14000,14000,15000,15000,16000,16000,16000,17000,,,
MAYOR,POLERA AMARILLA DEPORTE M/L,15000,15000,15000,16000,16000,17000,17000,17000,18000,,,
MAYOR,POLERA AZUL PIQUE M/C,15000,15000,15000,16000,16000,17000,17000,17000,19000,,,
MAYOR,POLERA AZUL PIQUE M/L,16000,16000,16000,17000,17000,18000,18000,18000,20000,,,
MAYOR,POLAR,18000,18000,18000,19000,19000,20000,20000,20000,22000,,,
MAYOR,PARKA,19000,19000,19000,20000,20000,22000,22000,22000,24000,,,
MAYOR,SHORT FRANELA Y DEPORTE,13000,13000,13000,14000,14000,15000,15000,15000,16000,,,
DUNALASTAIR,CALCETA RUGBY,,,,,,,,,,,,
DUNALASTAIR,CALCETA RUGBY,,,,,,,,,,,,
DUNALASTAIR,CALCETA RUGBY,,,,,,,,,,,,
DUNALASTAIR,CALCETA RUGBY,,,,,,,,,,,,
DUNALASTAIR,CALCETA RUGBY,,,,,,,,,,,,
DUNALASTAIR,POLERA CUELLO PIQUE M/CORTA,,,,,,,,,,,18497,
DUNALASTAIR,POLERA CUELLO PIQUE M/CORTA,,,,,,,,,,,18497,
DUNALASTAIR,POLERA CUELLO PIQUE M/CORTA,,,,,,,,,,,18497,
DUNALASTAIR,POLERA CUELLO PIQUE M/CORTA,,,,,,,,,,,18497,
DUNALASTAIR,POLERA CUELLO PIQUE M/CORTA,,,,,,,,,,,18497,
DUNALASTAIR,POLERA CUELLO PIQUE M/CORTA,,,,,,,,,,,18497,
DUNALASTAIR,POLERA CUELLO PIQUE M/CORTA,,,,,,,,,,,18497,
DUNALASTAIR,POLERA CUELLO PIQUE M/CORTA,,,,,,,,,,,18497,
DUNALASTAIR,POLERA CUELLO PIQUE M/CORTA,,,,,,,,,,,18497,
DUNALASTAIR,POLERA CUELLO PIQUE M/CORTA,,,,,,,,,,,18497,
DUNALASTAIR,CALCETA RUGBY,,,,,,,,,,,,
DUNALASTAIR,CALCETA RUGBY,,,,,,,,,,,,
DUNALASTAIR,CALCETA RUGBY,,,,,,,,,,,,
DUNALASTAIR,CALCETA RUGBY,,,,,,,,,,,,
DUNALASTAIR,CALCETA RUGBY,,,,,,,,,,,,
DUNALASTAIR,CALCETA RUGBY,,,,,,,,,,,,
DUNALASTAIR,CALCETA RUGBY,,,,,,,,,,,,
DUNALASTAIR,CALCETA RUGBY,,,,,,,,,,,,
DUNALASTAIR,CALCETA RUGBY,,,,,,,,,,,,
DUNALASTAIR,CALCETA RUGBY,,,,,,,,,,,,
DUNALASTAIR,CALCETA RUGBY,,,,,,,,,,,,
DUNALASTAIR,CALCETA RUGBY,,,,,,,,,,,,
DUNALASTAIR,CALCETA RUGBY,,,,,,,,,,,,
DUNALASTAIR,CALCETA RUGBY,,,,,,,,,,,,
DUNALASTAIR,CALCETA RUGBY,,,,,,,,,,,,
DUNALASTAIR,CALCETA RUGBY,,,,,,,,,,,,
DUNALASTAIR,CALCETA RUGBY,,,,,,,,,,,,
DUNALASTAIR,CALCETA RUGBY,,,,,,,,,,,,
DUNALASTAIR,CALCETA RUGBY,,,,,,,,,,,,
DUNALASTAIR,CALCETA RUGBY,,,,,,,,,,,,
DUNALASTAIR,CALCETA RUGBY,,,,,,,,,,,,
DUNALASTAIR,CALCETA RUGBY,,,,,,,,,,,,
DUNALASTAIR,CALCETA RUGBY,,,,,,,,,,,,
DUNALASTAIR,CALCETA RUGBY,,,,,,,,,,,,
DUNALASTAIR,CALCETA RUGBY,,,,,,,,,,,,
DUNALASTAIR,CALCETA RUGBY,,,,,,,,,,,,
DUNALASTAIR,CALCETA RUGBY,,,,,,,,,,,,
DUNALASTAIR,CALCETA RUGBY,,,,,,,,,,,,
DUNALASTAIR,CALCETA RUGBY,,,,,,,,,,,,
DUNALASTAIR,CALCETA RUGBY,,,,,,,,,,,,
DUNALASTAIR,CALCETA RUGBY,,,,,,,,,,,,
DUNALASTAIR,CALCETA RUGBY,,,,,,,,,,,,
DUNALASTAIR,CALCETA RUGBY,,,,,,,,,,,,
DUNALASTAIR,CALCETA RUGBY,,,,,,,,,,,,
DUNALASTAIR,CALCETA RUGBY,,,,,,,,,,,,
DUNALASTAIR,CALCETA RUGBY,,,,,,,,,,,,
DUNALASTAIR,CALCETA RUGBY,,,,,,,,,,,,
DUNALASTAIR,CALCETA RUGBY,,,,,,,,,,,,
DUNALASTAIR,CALCETA RUGBY,,,,,,,,,,,,
DUNALASTAIR,CALCETA RUGBY,,,,,,,,,,,,
DUNALASTAIR,CALCETA RUGBY,,,,,,,,,,,,
DUNALASTAIR,CALCETA RUGBY,,,,,,,,,,,,
DUNALASTAIR,CALCETA RUGBY,,,,,,,,,,,,
DUNALASTAIR,CALCETA RUGBY,,,,,,,,,,,,
DUNALASTAIR,CALCETA RUGBY,,,,,,,,,,,,
DUNALASTAIR,POLERA CUELLO PIQUE M/CORTA,,,,,,,,,,,18497,
DUNALASTAIR,POLERA CUELLO PIQUE M/CORTA,,,,,,,,,,,18497,
DUNALASTAIR,POLERA CUELLO PIQUE M/CORTA,,,,,,,,,,,18497,
DUNALASTAIR,POLERA CUELLO PIQUE M/CORTA,,,,,,,,,,,18497,
DUNALASTAIR,POLERA CUELLO PIQUE M/CORTA,,,,,,,,,,,18497,
DUNALASTAIR,POLERA CUELLO PIQUE M/CORTA,,,,,,,,,,,18497,
DUNALASTAIR,POLERA CUELLO PIQUE M/CORTA,,,,,,,,,,,18497,
DUNALASTAIR,POLERA CUELLO PIQUE M/CORTA,,,,,,,,,,,18497,
DUNALASTAIR,POLERA CUELLO PIQUE M/CORTA,,,,,,,,,,,18497,
DUNALASTAIR,POLERA CUELLO PIQUE M/CORTA,,,,,,,,,,,18497,
DUNALASTAIR,CALZA CORTA,,,,,,,,,,,7973,DUN-CAL
DUNALASTAIR,CALZA CORTA,,,,,,,,,,,7973,DUN-CAL
DUNALASTAIR,CALZA CORTA,,,,,,,,,,,7973,DUN-CAL
DUNALASTAIR,CALZA CORTA,,,,,,,,,,,7973,DUN-CAL
DUNALASTAIR,CALZA CORTA,,,,,,,,,,,7973,DUN-CAL
DUNALASTAIR,CALZA CORTA,,,,,,,,,,,7973,DUN-CAL
DUNALASTAIR,CALZA CORTA,,,,,,,,,,,7973,DUN-CAL
DUNALASTAIR,CALZA CORTA,,,,,,,,,,,7973,DUN-CAL
DUNALASTAIR,CALZA CORTA,,,,,,,,,,,7973,DUN-CAL
DUNALASTAIR,CALZA CORTA,,,,,,,,,,,7973,DUN-CAL
DUNALASTAIR,CALZA CORTA,,,,,,,,,,,7973,DUN-CAL
DUNALASTAIR,CALZA CORTA,,,,,,,,,,,7973,DUN-CAL
DUNALASTAIR,CALZA CORTA,,,,,,,,,,,7973,DUN-CAL
DUNALASTAIR,CALZA CORTA,,,,,,,,,,,7973,DUN-CAL
DUNALASTAIR,CALZA CORTA,,,,,,,,,,,7973,DUN-CAL
DUNALASTAIR,CALZA CORTA,,,,,,,,,,,7973,DUN-CAL
DUNALASTAIR,CALZA CORTA,,,,,,,,,,,7973,DUN-CAL
DUNALASTAIR,CALZA CORTA,,,,,,,,,,,7973,DUN-CAL
DUNALASTAIR,CALZA CORTA,,,,,,,,,,,7973,DUN-CAL
DUNALASTAIR,CALZA CORTA,,,,,,,,,,,7973,DUN-CAL
DUNALASTAIR,CALZA CORTA,,,,,,,,,,,7973,DUN-CAL
DUNALASTAIR,CALZA CORTA,,,,,,,,,,,7973,DUN-CAL
DUNALASTAIR,CALZA CORTA,,,,,,,,,,,7973,DUN-CAL
DUNALASTAIR,CALZA CORTA,,,,,,,,,,,7973,DUN-CAL
DUNALASTAIR,CALZA CORTA,,,,,,,,,,,7973,DUN-CAL
DUNALASTAIR,CALZA CORTA,,,,,,,,,,,7973,DUN-CAL
DUNALASTAIR,CALZA CORTA,,,,,,,,,,,7973,DUN-CAL
DUNALASTAIR,CALZA CORTA,,,,,,,,,,,7973,DUN-CAL
DUNALASTAIR,CALZA CORTA,,,,,,,,,,,7973,DUN-CAL
DUNALASTAIR,CALZA CORTA,,,,,,,,,,,7973,DUN-CAL
DUNALASTAIR,CALZA CORTA,,,,,,,,,,,7973,DUN-CAL
DUNALASTAIR,CALZA CORTA,,,,,,,,,,,7973,DUN-CAL
DUNALASTAIR,CALZA CORTA,,,,,,,,,,,7973,DUN-CAL
DUNALASTAIR,CALZA CORTA,,,,,,,,,,,7973,DUN-CAL
DUNALASTAIR,CALZA CORTA,,,,,,,,,,,7973,DUN-CAL